time_hours,queue_total,queue_till,queue_shots,queue_milk
0.0,0,0,0,0
0.0050031269543464665,1,1,0,0
0.010006253908692933,2,1,1,0
0.0150093808630394,2,1,0,1
0.020012507817385866,2,1,0,1
0.025015634771732333,1,0,1,0
0.0300187617260788,1,0,0,1
0.035021888680425266,0,0,0,0
0.04002501563477173,0,0,0,0
0.0450281425891182,0,0,0,0
0.050031269543464665,0,0,0,0
0.05503439649781113,0,0,0,0
0.0600375234521576,0,0,0,0
0.06504065040650406,2,2,0,0
0.07004377736085053,3,2,1,0
0.075046904315197,3,2,0,1
0.08005003126954346,3,1,1,1
0.08505315822388992,2,1,0,1
0.0900562851782364,2,0,0,2
0.09505941213258287,1,0,0,1
0.10006253908692933,2,1,0,1
0.10506566604127579,3,2,0,1
0.11006879299562226,2,1,1,0
0.11507191994996874,2,1,0,1
0.1200750469043152,1,0,1,0
0.12507817385866166,1,0,0,1
0.13008130081300812,0,0,0,0
0.1350844277673546,0,0,0,0
0.14008755472170106,0,0,0,0
0.14509068167604752,0,0,0,0
0.150093808630394,0,0,0,0
0.15509693558474047,0,0,0,0
0.16010006253908693,0,0,0,0
0.1651031894934334,0,0,0,0
0.17010631644777985,0,0,0,0
0.17510944340212634,1,1,0,0
0.1801125703564728,1,1,0,0
0.18511569731081925,2,1,1,0
0.19011882426516574,2,1,0,1
0.1951219512195122,3,1,1,1
0.20012507817385866,2,1,0,1
0.20512820512820512,4,2,1,1
0.21013133208255158,3,2,0,1
0.21513445903689807,3,1,1,1
0.22013758599124453,2,1,0,1
0.225140712945591,2,0,1,1
0.23014383989993747,1,0,0,1
0.23514696685428393,1,0,0,1
0.2401500938086304,2,1,0,1
0.24515322076297685,1,0,1,0
0.2501563477173233,1,0,0,1
0.2551594746716698,1,0,0,1
0.26016260162601623,1,1,0,0
0.26516572858036275,1,0,1,0
0.2701688555347092,1,0,0,1
0.27517198248905567,1,0,0,1
0.2801751094434021,1,1,0,0
0.2851782363977486,1,0,1,0
0.29018136335209505,2,1,0,1
0.2951844903064415,1,0,1,0
0.300187617260788,0,0,0,0
0.3051907442151345,0,0,0,0
0.31019387116948094,0,0,0,0
0.3151969981238274,0,0,0,0
0.32020012507817386,0,0,0,0
0.3252032520325203,1,1,0,0
0.3302063789868668,1,0,1,0
0.33520950594121324,1,0,0,1
0.3402126328955597,1,0,0,1
0.3452157598499062,0,0,0,0
0.35021888680425267,0,0,0,0
0.35522201375859913,0,0,0,0
0.3602251407129456,0,0,0,0
0.36522826766729205,0,0,0,0
0.3702313946216385,0,0,0,0
0.37523452157598497,0,0,0,0
0.3802376485303315,0,0,0,0
0.38524077548467794,3,3,0,0
0.3902439024390244,3,2,1,0
0.39524702939337086,3,3,0,0
0.4002501563477173,3,3,0,0
0.4052532833020638,3,2,1,0
0.41025641025641024,3,2,0,1
0.4152595372107567,2,1,1,0
0.42026266416510316,2,1,0,1
0.4252657911194497,1,0,1,0
0.43026891807379614,1,0,0,1
0.4352720450281426,0,0,0,0
0.44027517198248906,0,0,0,0
0.4452782989368355,1,1,0,0
0.450281425891182,1,1,0,0
0.45528455284552843,1,0,1,0
0.46028767979987495,2,1,0,1
0.4652908067542214,2,1,0,1
0.47029393370856787,1,0,1,0
0.47529706066291433,1,0,0,1
0.4803001876172608,1,0,0,1
0.48530331457160725,0,0,0,0
0.4903064415259537,0,0,0,0
0.49530956848030017,0,0,0,0
0.5003126954346466,0,0,0,0
0.5053158223889931,0,0,0,0
0.5103189493433395,1,1,0,0
0.515322076297686,1,1,0,0
0.5203252032520325,2,1,1,0
0.525328330206379,2,1,0,1
0.5303314571607255,2,0,1,1
0.535334584115072,1,0,0,1
0.5403377110694184,1,0,0,1
0.5453408380237649,0,0,0,0
0.5503439649781113,1,1,0,0
0.5553470919324578,1,0,1,0
0.5603502188868043,1,0,0,1
0.5653533458411507,2,1,0,1
0.5703564727954972,1,1,0,0
0.5753595997498436,0,0,0,0
0.5803627267041901,1,1,0,0
0.5853658536585366,1,0,0,1
0.590368980612883,1,0,0,1
0.5953721075672295,0,0,0,0
0.600375234521576,1,1,0,0
0.6053783614759225,2,1,1,0
0.610381488430269,4,3,0,1
0.6153846153846154,3,2,0,1
0.6203877423389619,3,2,0,1
0.6253908692933083,3,1,1,1
0.6303939962476548,2,1,0,1
0.6353971232020013,2,1,0,1
0.6404002501563477,2,1,1,0
0.6454033771106942,2,0,1,1
0.6504065040650406,1,0,1,0
0.6554096310193871,0,0,0,0
0.6604127579737336,0,0,0,0
0.66541588492808,0,0,0,0
0.6704190118824265,1,1,0,0
0.6754221388367729,1,1,0,0
0.6804252657911194,2,1,1,0
0.685428392745466,2,1,0,1
0.6904315196998124,3,1,1,1
0.6954346466541589,3,0,1,2
0.7004377736085053,2,0,1,1
0.7054409005628518,4,2,0,2
0.7104440275171983,3,2,0,1
0.7154471544715447,3,1,1,1
0.7204502814258912,2,0,1,1
0.7254534083802376,2,1,1,0
0.7304565353345841,3,1,1,1
0.7354596622889306,2,1,1,0
0.740462789243277,2,1,1,0
0.7454659161976235,2,1,1,0
0.7504690431519699,2,0,1,1
0.7554721701063164,2,0,1,1
0.760475297060663,1,0,0,1
0.7654784240150094,0,0,0,0
0.7704815509693559,1,1,0,0
0.7754846779237023,1,0,1,0
0.7804878048780488,1,0,0,1
0.7854909318323953,1,0,0,1
0.7904940587867417,0,0,0,0
0.7954971857410882,0,0,0,0
0.8005003126954346,0,0,0,0
0.8055034396497811,0,0,0,0
0.8105065666041276,1,1,0,0
0.815509693558474,1,1,0,0
0.8205128205128205,1,0,1,0
0.8255159474671669,2,1,0,1
0.8305190744215134,1,1,0,0
0.8355222013758599,1,0,1,0
0.8405253283302063,1,0,0,1
0.8455284552845529,2,1,0,1
0.8505315822388994,1,1,0,0
0.8555347091932458,1,0,1,0
0.8605378361475923,1,0,0,1
0.8655409631019387,1,0,0,1
0.8705440900562852,1,0,0,1
0.8755472170106317,0,0,0,0
0.8805503439649781,0,0,0,0
0.8855534709193246,0,0,0,0
0.890556597873671,0,0,0,0
0.8955597248280175,0,0,0,0
0.900562851782364,1,1,0,0
0.9055659787367104,1,0,1,0
0.9105691056910569,0,0,0,0
0.9155722326454033,0,0,0,0
0.9205753595997499,0,0,0,0
0.9255784865540964,0,0,0,0
0.9305816135084428,0,0,0,0
0.9355847404627893,0,0,0,0
0.9405878674171357,1,1,0,0
0.9455909943714822,1,1,0,0
0.9505941213258287,1,0,1,0
0.9555972482801751,1,0,0,1
0.9606003752345216,1,0,0,1
0.965603502188868,1,1,0,0
0.9706066291432145,1,1,0,0
0.975609756097561,1,0,1,0
0.9806128830519074,1,0,0,1
0.9856160100062539,1,0,0,1
0.9906191369606003,0,0,0,0
0.9956222639149468,1,1,0,0
1.0006253908692933,2,2,0,0
1.0056285178236397,2,1,1,0
1.0106316447779862,2,1,0,1
1.0156347717323326,3,1,1,1
1.020637898686679,3,1,0,2
1.0256410256410255,2,0,1,1
1.030644152595372,2,0,0,2
1.0356472795497185,1,0,0,1
1.040650406504065,1,0,0,1
1.0456535334584116,0,0,0,0
1.050656660412758,0,0,0,0
1.0556597873671045,0,0,0,0
1.060662914321451,0,0,0,0
1.0656660412757974,0,0,0,0
1.070669168230144,1,1,0,0
1.0756722951844904,2,1,0,1
1.0806754221388368,2,1,0,1
1.0856785490931833,1,0,1,0
1.0906816760475297,1,0,0,1
1.0956848030018762,1,0,0,1
1.1006879299562227,0,0,0,0
1.1056910569105691,0,0,0,0
1.1106941838649156,0,0,0,0
1.115697310819262,0,0,0,0
1.1207004377736085,0,0,0,0
1.125703564727955,1,1,0,0
1.1307066916823014,1,0,0,1
1.1357098186366479,1,0,0,1
1.1407129455909943,1,1,0,0
1.1457160725453408,2,1,1,0
1.1507191994996873,2,1,0,1
1.1557223264540337,3,1,1,1
1.1607254534083802,2,0,0,2
1.1657285803627266,2,0,0,2
1.170731707317073,2,0,0,2
1.1757348342714196,1,0,0,1
1.180737961225766,1,0,0,1
1.1857410881801125,1,0,0,1
1.190744215134459,1,1,0,0
1.1957473420888054,2,1,1,0
1.200750469043152,3,2,0,1
1.2057535959974985,3,1,1,1
1.210756722951845,2,1,0,1
1.2157598499061915,2,0,1,1
1.220762976860538,1,0,0,1
1.2257661038148844,1,0,0,1
1.2307692307692308,0,0,0,0
1.2357723577235773,0,0,0,0
1.2407754846779238,1,1,0,0
1.2457786116322702,2,2,0,0
1.2507817385866167,2,1,1,0
1.2557848655409631,3,2,0,1
1.2607879924953096,3,1,1,1
1.265791119449656,2,1,1,0
1.2707942464040025,2,1,0,1
1.275797373358349,2,0,1,1
1.2808005003126954,1,0,0,1
1.285803627267042,1,0,0,1
1.2908067542213884,0,0,0,0
1.2958098811757348,0,0,0,0
1.3008130081300813,0,0,0,0
1.3058161350844277,0,0,0,0
1.3108192620387742,1,1,0,0
1.3158223889931207,1,1,0,0
1.320825515947467,1,0,1,0
1.3258286429018136,1,0,0,1
1.33083176985616,1,0,0,1
1.3358348968105065,0,0,0,0
1.340838023764853,0,0,0,0
1.3458411507191994,0,0,0,0
1.3508442776735459,0,0,0,0
1.3558474046278923,0,0,0,0
1.3608505315822388,0,0,0,0
1.3658536585365855,0,0,0,0
1.370856785490932,0,0,0,0
1.3758599124452784,0,0,0,0
1.3808630393996248,1,1,0,0
1.3858661663539713,1,1,0,0
1.3908692933083178,1,0,1,0
1.3958724202626642,1,0,0,1
1.4008755472170107,2,1,0,1
1.4058786741713571,1,0,1,0
1.4108818011257036,1,0,0,1
1.41588492808005,2,1,0,1
1.4208880550343965,1,1,0,0
1.425891181988743,1,0,1,0
1.4308943089430894,1,0,0,1
1.435897435897436,2,2,0,0
1.4409005628517824,2,2,0,0
1.4459036898061288,2,1,1,0
1.4509068167604753,2,1,1,0
1.4559099437148217,3,1,1,1
1.4609130706691682,3,1,1,1
1.4659161976235147,2,0,1,1
1.4709193245778611,2,0,1,1
1.4759224515322076,2,0,0,2
1.480925578486554,1,0,0,1
1.4859287054409005,1,0,0,1
1.490931832395247,1,0,0,1
1.4959349593495934,1,1,0,0
1.5009380863039399,1,0,1,0
1.5059412132582863,1,0,0,1
1.5109443402126328,1,0,0,1
1.5159474671669793,0,0,0,0
1.520950594121326,0,0,0,0
1.5259537210756724,0,0,0,0
1.5309568480300189,0,0,0,0
1.5359599749843653,0,0,0,0
1.5409631019387118,1,1,0,0
1.5459662288930582,1,0,1,0
1.5509693558474047,1,0,0,1
1.5559724828017512,1,0,0,1
1.5609756097560976,1,1,0,0
1.565978736710444,2,1,0,1
1.5709818636647905,4,3,0,1
1.575984990619137,3,2,1,0
1.5809881175734835,3,2,0,1
1.58599124452783,4,3,0,1
1.5909943714821764,3,2,0,1
1.5959974984365228,3,1,1,1
1.6010006253908693,2,1,0,1
1.6060037523452158,1,0,1,0
1.6110068792995622,1,0,0,1
1.6160100062539087,3,2,0,1
1.6210131332082551,2,2,0,0
1.6260162601626016,2,1,1,0
1.631019387116948,2,1,0,1
1.6360225140712945,4,2,1,1
1.641025641025641,4,3,1,0
1.6460287679799874,4,2,1,1
1.6510318949343339,3,1,2,0
1.6560350218886803,4,2,1,1
1.6610381488430268,4,1,2,1
1.6660412757973733,3,1,1,1
1.6710444027517197,3,0,2,1
1.6760475297060662,2,0,1,1
1.6810506566604126,2,0,1,1
1.6860537836147593,1,0,0,1
1.6910569105691058,1,0,0,1
1.6960600375234522,0,0,0,0
1.7010631644777987,1,1,0,0
1.7060662914321452,1,0,1,0
1.7110694183864916,2,1,0,1
1.716072545340838,1,1,0,0
1.7210756722951845,2,1,1,0
1.726078799249531,3,2,0,1
1.7310819262038775,2,1,1,0
1.736085053158224,2,1,0,1
1.7410881801125704,2,1,1,0
1.7460913070669168,2,1,0,1
1.7510944340212633,4,3,0,1
1.7560975609756098,3,3,0,0
1.7611006879299562,3,2,1,0
1.7661038148843027,3,1,2,0
1.7711069418386491,4,2,1,1
1.7761100687929956,4,1,2,1
1.781113195747342,4,2,1,1
1.7861163227016885,4,1,1,2
1.791119449656035,2,1,0,1
1.7961225766103814,2,0,1,1
1.801125703564728,2,0,0,2
1.8061288305190744,1,0,0,1
1.8111319574734208,1,0,0,1
1.8161350844277673,1,0,0,1
1.8211382113821137,0,0,0,0
1.8261413383364602,0,0,0,0
1.8311444652908067,0,0,0,0
1.8361475922451531,0,0,0,0
1.8411507191994998,0,0,0,0
1.8461538461538463,0,0,0,0
1.8511569731081927,0,0,0,0
1.8561601000625392,0,0,0,0
1.8611632270168856,0,0,0,0
1.866166353971232,0,0,0,0
1.8711694809255786,0,0,0,0
1.876172607879925,0,0,0,0
1.8811757348342715,0,0,0,0
1.886178861788618,0,0,0,0
1.8911819887429644,1,1,0,0
1.8961851156973109,1,0,1,0
1.9011882426516573,0,0,0,0
1.9061913696060038,0,0,0,0
1.9111944965603502,0,0,0,0
1.9161976235146967,0,0,0,0
1.9212007504690432,0,0,0,0
1.9262038774233896,0,0,0,0
1.931207004377736,0,0,0,0
1.9362101313320825,0,0,0,0
1.941213258286429,0,0,0,0
1.9462163852407754,0,0,0,0
1.951219512195122,0,0,0,0
1.9562226391494684,0,0,0,0
1.9612257661038148,0,0,0,0
1.9662288930581613,0,0,0,0
1.9712320200125077,0,0,0,0
1.9762351469668542,0,0,0,0
1.9812382739212007,0,0,0,0
1.9862414008755471,0,0,0,0
1.9912445278298936,1,1,0,0
1.99624765478424,1,0,1,0
2.0012507817385865,1,0,0,1
2.006253908692933,0,0,0,0
2.0112570356472794,0,0,0,0
2.016260162601626,0,0,0,0
2.0212632895559723,0,0,0,0
2.026266416510319,0,0,0,0
2.0312695434646653,0,0,0,0
2.0362726704190117,0,0,0,0
2.041275797373358,0,0,0,0
2.0462789243277046,1,1,0,0
2.051282051282051,2,2,0,0
2.0562851782363976,2,2,0,0
2.061288305190744,2,1,1,0
2.0662914321450905,3,2,0,1
2.071294559099437,3,1,1,1
2.0762976860537834,2,1,0,1
2.08130081300813,3,1,1,1
2.0863039399624768,3,1,0,2
2.091307066916823,2,0,1,1
2.0963101938711697,2,0,0,2
2.101313320825516,2,0,0,2
2.1063164477798626,2,1,0,1
2.111319574734209,1,1,0,0
2.1163227016885555,1,0,1,0
2.121325828642902,2,1,0,1
2.1263289555972484,2,1,0,1
2.131332082551595,2,1,1,0
2.1363352095059414,2,1,0,1
2.141338336460288,2,0,1,1
2.1463414634146343,1,0,0,1
2.1513445903689807,2,1,0,1
2.156347717323327,2,0,1,1
2.1613508442776737,1,0,0,1
2.16635397123202,1,0,0,1
2.1713570981863666,1,0,0,1
2.176360225140713,0,0,0,0
2.1813633520950595,0,0,0,0
2.186366479049406,0,0,0,0
2.1913696060037524,0,0,0,0
2.196372732958099,0,0,0,0
2.2013758599124453,0,0,0,0
2.206378986866792,1,1,0,0
2.2113821138211383,1,0,1,0
2.2163852407754847,2,1,0,1
2.221388367729831,2,0,1,1
2.2263914946841776,0,0,0,0
2.231394621638524,1,1,0,0
2.2363977485928705,1,1,0,0
2.241400875547217,0,0,0,0
2.2464040025015635,0,0,0,0
2.25140712945591,0,0,0,0
2.2564102564102564,0,0,0,0
2.261413383364603,0,0,0,0
2.2664165103189493,0,0,0,0
2.2714196372732958,0,0,0,0
2.2764227642276422,0,0,0,0
2.2814258911819887,0,0,0,0
2.286429018136335,0,0,0,0
2.2914321450906816,0,0,0,0
2.296435272045028,0,0,0,0
2.3014383989993745,0,0,0,0
2.306441525953721,0,0,0,0
2.3114446529080674,0,0,0,0
2.316447779862414,0,0,0,0
2.3214509068167604,0,0,0,0
2.326454033771107,0,0,0,0
2.3314571607254533,0,0,0,0
2.3364602876797997,0,0,0,0
2.341463414634146,0,0,0,0
2.3464665415884927,0,0,0,0
2.351469668542839,0,0,0,0
2.3564727954971856,1,1,0,0
2.361475922451532,1,0,1,0
2.3664790494058785,1,0,0,1
2.371482176360225,1,1,0,0
2.3764853033145714,1,0,1,0
2.381488430268918,1,0,0,1
2.3864915572232643,1,0,0,1
2.391494684177611,0,0,0,0
2.3964978111319573,0,0,0,0
2.401500938086304,0,0,0,0
2.4065040650406506,0,0,0,0
2.411507191994997,0,0,0,0
2.4165103189493435,0,0,0,0
2.42151344590369,0,0,0,0
2.4265165728580365,0,0,0,0
2.431519699812383,0,0,0,0
2.4365228267667294,0,0,0,0
2.441525953721076,0,0,0,0
2.4465290806754223,0,0,0,0
2.4515322076297688,0,0,0,0
2.456535334584115,0,0,0,0
2.4615384615384617,0,0,0,0
2.466541588492808,0,0,0,0
2.4715447154471546,0,0,0,0
2.476547842401501,0,0,0,0
2.4815509693558475,0,0,0,0
2.486554096310194,1,1,0,0
2.4915572232645404,1,0,0,1
2.496560350218887,1,0,0,1
2.5015634771732334,0,0,0,0
2.50656660412758,1,1,0,0
2.5115697310819263,1,0,1,0
2.5165728580362727,1,0,0,1
2.521575984990619,0,0,0,0
2.5265791119449656,0,0,0,0
2.531582238899312,1,1,0,0
2.5365853658536586,2,1,1,0
2.541588492808005,2,1,0,1
2.5465916197623515,1,1,0,0
2.551594746716698,1,0,1,0
2.5565978736710444,1,0,0,1
2.561601000625391,1,1,0,0
2.5666041275797373,2,2,0,0
2.571607254534084,2,1,1,0
2.5766103814884302,2,0,1,1
2.5816135084427767,3,1,1,1
2.586616635397123,4,1,1,2
2.5916197623514696,3,1,1,1
2.596622889305816,2,0,1,1
2.6016260162601625,3,1,1,1
2.606629143214509,3,0,1,2
2.6116322701688555,2,0,1,1
2.616635397123202,1,0,0,1
2.6216385240775484,1,0,0,1
2.626641651031895,2,1,0,1
2.6316447779862413,1,1,0,0
2.6366479049405878,1,1,0,0
2.641651031894934,2,1,1,0
2.6466541588492807,2,1,0,1
2.651657285803627,2,1,0,1
2.6566604127579736,1,0,0,1
2.66166353971232,1,0,0,1
2.6666666666666665,2,1,0,1
2.671669793621013,0,0,0,0
2.6766729205753594,0,0,0,0
2.681676047529706,0,0,0,0
2.6866791744840524,0,0,0,0
2.691682301438399,0,0,0,0
2.6966854283927453,0,0,0,0
2.7016885553470917,1,1,0,0
2.706691682301438,1,1,0,0
2.7116948092557847,1,0,1,0
2.716697936210131,2,1,0,1
2.7217010631644776,2,1,0,1
2.7267041901188245,1,0,1,0
2.731707317073171,2,1,0,1
2.7367104440275174,1,0,1,0
2.741713570981864,1,0,0,1
2.7467166979362103,1,0,0,1
2.7517198248905568,0,0,0,0
2.7567229518449032,1,1,0,0
2.7617260787992497,1,1,0,0
2.766729205753596,0,0,0,0
2.7717323327079426,0,0,0,0
2.776735459662289,0,0,0,0
2.7817385866166355,0,0,0,0
2.786741713570982,0,0,0,0
2.7917448405253285,0,0,0,0
2.796747967479675,2,2,0,0
2.8017510944340214,2,1,1,0
2.806754221388368,2,1,0,1
2.8117573483427143,2,0,1,1
2.8167604752970608,1,0,0,1
2.821763602251407,1,0,0,1
2.8267667292057537,0,0,0,0
2.8317698561601,0,0,0,0
2.8367729831144466,0,0,0,0
2.841776110068793,1,1,0,0
2.8467792370231395,1,1,0,0
2.851782363977486,1,0,1,0
2.8567854909318324,1,0,0,1
2.861788617886179,0,0,0,0
2.8667917448405253,1,1,0,0
2.871794871794872,1,0,1,0
2.8767979987492183,1,0,0,1
2.8818011257035647,2,1,0,1
2.886804252657911,2,2,0,0
2.8918073796122576,2,1,1,0
2.896810506566604,2,1,0,1
2.9018136335209506,1,0,1,0
2.906816760475297,2,1,0,1
2.9118198874296435,1,0,0,1
2.91682301438399,3,2,0,1
2.9218261413383364,3,1,1,1
2.926829268292683,2,1,0,1
2.9318323952470293,2,0,1,1
2.936835522201376,2,0,0,2
2.9418386491557222,1,0,0,1
2.9468417761100687,2,1,0,1
2.951844903064415,1,1,0,0
2.9568480300187616,1,0,1,0
2.961851156973108,1,0,0,1
2.9668542839274545,0,0,0,0
2.971857410881801,0,0,0,0
2.9768605378361475,0,0,0,0
2.981863664790494,1,1,0,0
2.9868667917448404,1,0,1,0
2.991869918699187,1,0,0,1
2.9968730456535333,0,0,0,0
3.0018761726078798,1,1,0,0
3.006879299562226,1,0,1,0
3.0118824265165727,1,0,0,1
3.016885553470919,1,0,0,1
3.0218886804252656,1,1,0,0
3.026891807379612,2,1,1,0
3.0318949343339585,4,3,0,1
3.036898061288305,4,2,1,1
3.041901188242652,4,3,0,1
3.0469043151969983,5,3,1,1
3.051907442151345,5,3,0,2
3.0569105691056913,4,2,1,1
3.0619136960600377,4,2,0,2
3.066916823014384,3,1,1,1
3.0719199499687306,3,1,0,2
3.076923076923077,4,1,1,2
3.0819262038774236,4,2,0,2
3.08692933083177,5,2,1,2
3.0919324577861165,4,2,0,2
3.096935584740463,5,2,1,2
3.1019387116948094,4,2,0,2
3.106941838649156,5,2,1,2
3.1119449656035023,5,1,1,3
3.1169480925578488,4,1,1,2
3.1219512195121952,4,1,0,3
3.1269543464665417,3,0,1,2
3.131957473420888,2,0,0,2
3.1369606003752346,2,0,0,2
3.141963727329581,1,0,0,1
3.1469668542839275,2,1,0,1
3.151969981238274,2,0,1,1
3.1569731081926204,3,3,0,0
3.161976235146967,4,3,1,0
3.1669793621013134,4,3,0,1
3.17198248905566,4,2,1,1
3.1769856160100063,3,2,0,1
3.1819887429643527,3,1,1,1
3.186991869918699,2,1,0,1
3.1919949968730457,4,2,1,1
3.196998123827392,4,3,0,1
3.2020012507817386,3,2,0,1
3.207004377736085,3,3,0,0
3.2120075046904315,4,3,1,0
3.217010631644778,3,3,0,0
3.2220137585991244,4,3,1,0
3.227016885553471,6,5,0,1
3.2320200125078173,6,5,1,0
3.237023139462164,7,6,0,1
3.2420262664165103,5,5,0,0
3.2470293933708567,5,5,0,0
3.252032520325203,5,5,0,0
3.2570356472795496,5,4,1,0
3.262038774233896,6,5,0,1
3.2670419011882426,6,4,1,1
3.272045028142589,5,4,0,1
3.2770481550969355,7,5,0,2
3.282051282051282,6,5,0,1
3.2870544090056284,6,4,0,2
3.292057535959975,5,4,0,1
3.2970606629143213,5,3,0,2
3.3020637898686678,6,4,0,2
3.3070669168230142,5,4,0,1
3.3120700437773607,5,3,0,2
3.317073170731707,5,2,1,2
3.3220762976860536,3,2,0,1
3.3270794246404,3,1,0,2
3.3320825515947465,3,1,0,2
3.337085678549093,2,0,1,1
3.3420888055034395,2,0,0,2
3.347091932457786,3,1,0,2
3.3520950594121324,2,1,0,1
3.357098186366479,2,0,1,1
3.3621013133208253,1,0,0,1
3.367104440275172,1,0,0,1
3.3721075672295187,2,1,0,1
3.377110694183865,1,1,0,0
3.3821138211382116,2,1,1,0
3.387116948092558,2,0,1,1
3.3921200750469045,2,0,1,1
3.397123202001251,3,2,0,1
3.4021263289555974,4,3,0,1
3.407129455909944,3,2,1,0
3.4121325828642903,4,3,1,0
3.417135709818637,3,2,1,0
3.4221388367729833,3,2,1,0
3.4271419637273297,3,1,1,1
3.432145090681676,4,2,1,1
3.4371482176360226,4,2,1,1
3.442151344590369,4,1,1,2
3.4471544715447155,3,1,0,2
3.452157598499062,3,0,0,3
3.4571607254534085,2,0,0,2
3.462163852407755,3,1,0,2
3.4671669793621014,3,0,1,2
3.472170106316448,2,0,0,2
3.4771732332707943,2,0,0,2
3.4821763602251408,3,1,0,2
3.4871794871794872,2,1,0,1
3.4921826141338337,2,0,1,1
3.49718574108818,1,0,0,1
3.5021888680425266,2,1,0,1
3.507191994996873,2,0,1,1
3.5121951219512195,2,1,0,1
3.517198248905566,1,0,1,0
3.5222013758599124,1,0,0,1
3.527204502814259,1,0,0,1
3.5322076297686054,0,0,0,0
3.537210756722952,0,0,0,0
3.5422138836772983,0,0,0,0
3.5472170106316447,1,1,0,0
3.552220137585991,1,0,1,0
3.5572232645403377,1,0,0,1
3.562226391494684,0,0,0,0
3.5672295184490306,0,0,0,0
3.572232645403377,0,0,0,0
3.5772357723577235,0,0,0,0
3.58223889931207,0,0,0,0
3.5872420262664164,0,0,0,0
3.592245153220763,0,0,0,0
3.5972482801751093,2,2,0,0
3.602251407129456,2,1,1,0
3.6072545340838023,3,2,0,1
3.6122576610381487,4,3,0,1
3.617260787992495,2,2,0,0
3.6222639149468416,3,2,1,0
3.627267041901188,3,2,0,1
3.6322701688555346,2,1,1,0
3.637273295809881,3,2,0,1
3.6422764227642275,3,1,1,1
3.647279549718574,3,2,0,1
3.6522826766729204,2,1,0,1
3.657285803627267,1,1,0,0
3.6622889305816133,1,0,1,0
3.6672920575359598,1,0,0,1
3.6722951844903062,3,2,0,1
3.6772983114446527,2,2,0,0
3.6823014383989996,1,1,0,0
3.687304565353346,1,0,1,0
3.6923076923076925,2,1,0,1
3.697310819262039,2,1,1,0
3.7023139462163854,2,1,0,1
3.707317073170732,1,0,1,0
3.7123202001250784,1,0,0,1
3.717323327079425,0,0,0,0
3.7223264540337713,1,1,0,0
3.7273295809881177,2,2,0,0
3.732332707942464,2,1,1,0
3.7373358348968106,3,2,1,0
3.742338961851157,5,4,1,0
3.7473420888055036,5,4,1,0
3.75234521575985,5,3,1,1
3.7573483427141965,5,4,1,0
3.762351469668543,5,3,1,1
3.7673545966228894,5,3,1,1
3.772357723577236,5,3,1,1
3.7773608505315823,5,2,1,2
3.782363977485929,5,2,0,3
3.7873671044402752,5,3,0,2
3.7923702313946217,6,3,1,2
3.797373358348968,6,2,1,3
3.8023764853033146,7,4,1,2
3.807379612257661,8,5,1,2
3.8123827392120075,7,4,1,2
3.817385866166354,7,4,1,2
3.8223889931207005,7,4,1,2
3.827392120075047,7,4,1,2
3.8323952470293934,6,4,0,2
3.83739837398374,6,3,0,3
3.8424015009380863,6,3,1,2
3.8474046278924328,6,3,0,3
3.852407754846779,5,2,1,2
3.8574108818011257,5,2,0,3
3.862414008755472,5,2,0,3
3.8674171357098186,4,1,1,2
3.872420262664165,4,1,0,3
3.8774233896185115,5,2,1,2
3.882426516572858,7,4,0,3
3.8874296435272044,6,3,0,3
3.892432770481551,6,3,0,3
3.8974358974358974,5,2,1,2
3.902439024390244,6,3,0,3
3.9074421513445903,6,3,0,3
3.9124452782989367,5,3,0,2
3.917448405253283,5,2,1,2
3.9224515322076297,5,2,0,3
3.927454659161976,4,1,1,2
3.9324577861163226,4,1,1,2
3.937460913070669,3,0,1,2
3.9424640400250155,4,1,1,2
3.947467166979362,4,1,0,3
3.9524702939337084,3,0,1,2
3.957473420888055,3,0,1,2
3.9624765478424013,2,0,0,2
3.967479674796748,3,1,0,2
3.9724828017510943,2,1,0,1
3.9774859287054407,2,0,1,1
3.982489055659787,2,0,0,2
3.9874921826141336,2,1,0,1
3.99249530956848,3,1,1,1
3.9974984365228265,1,1,0,0
4.002501563477173,1,1,0,0
4.00750469043152,1,0,1,0
4.012507817385866,2,1,0,1
4.017510944340213,3,1,1,1
4.022514071294559,4,3,0,1
4.027517198248906,4,2,1,1
4.032520325203252,5,3,1,1
4.037523452157599,5,3,1,1
4.042526579111945,5,3,0,2
4.047529706066292,5,3,1,1
4.052532833020638,4,3,1,0
4.0575359599749845,4,3,1,0
4.0625390869293305,5,3,1,1
4.067542213883677,5,4,1,0
4.072545340838023,5,3,1,1
4.07754846779237,4,3,1,0
4.082551594746716,4,3,0,1
4.087554721701063,4,3,0,1
4.092557848655409,3,2,1,0
4.097560975609756,4,3,0,1
4.102564102564102,3,2,1,0
4.107567229518449,3,1,1,1
4.112570356472795,3,2,1,0
4.117573483427142,3,1,1,1
4.122576610381488,4,2,1,1
4.127579737335835,3,1,1,1
4.132582864290181,3,1,1,1
4.137585991244528,3,1,1,1
4.142589118198874,3,1,1,1
4.147592245153221,2,0,1,1
4.152595372107567,3,2,1,0
4.157598499061914,3,1,1,1
4.16260162601626,5,3,1,1
4.167604752970607,4,3,0,1
4.1726078799249535,3,2,0,1
4.1776110068792995,2,2,0,0
4.182614133833646,3,2,1,0
4.1876172607879925,3,2,0,1
4.192620387742339,4,2,1,1
4.197623514696685,2,2,0,0
4.202626641651032,3,2,1,0
4.207629768605378,3,2,0,1
4.212632895559725,2,1,1,0
4.217636022514071,2,1,0,1
4.222639149468418,1,0,1,0
4.227642276422764,1,0,0,1
4.232645403377111,0,0,0,0
4.237648530331457,0,0,0,0
4.242651657285804,1,1,0,0
4.24765478424015,1,1,0,0
4.252657911194497,3,2,1,0
4.257661038148843,3,2,0,1
4.26266416510319,3,1,1,1
4.267667292057536,2,1,0,1
4.272670419011883,2,0,1,1
4.277673545966229,1,0,0,1
4.282676672920576,2,1,0,1
4.287679799874922,1,0,0,1
4.2926829268292686,1,0,0,1
4.297686053783615,1,0,0,1
4.3026891807379615,0,0,0,0
4.3076923076923075,1,1,0,0
4.312695434646654,1,1,0,0
4.317698561601,1,0,1,0
4.322701688555347,1,0,0,1
4.327704815509693,1,0,0,1
4.33270794246404,1,0,0,1
4.337711069418386,0,0,0,0
4.342714196372733,0,0,0,0
4.347717323327079,0,0,0,0
4.352720450281426,0,0,0,0
4.357723577235772,1,1,0,0
4.362726704190119,2,2,0,0
4.367729831144465,3,2,1,0
4.372732958098812,4,3,0,1
4.377736085053158,3,2,1,0
4.382739212007505,3,2,0,1
4.387742338961851,5,3,1,1
4.392745465916198,5,4,1,0
4.397748592870544,5,3,1,1
4.402751719824891,6,4,1,1
4.407754846779237,4,3,1,0
4.412757973733584,5,4,1,0
4.41776110068793,6,5,1,0
4.4227642276422765,7,6,1,0
4.4277673545966225,7,5,1,1
4.432770481550969,7,5,1,1
4.437773608505315,7,5,1,1
4.442776735459662,7,5,1,1
4.447779862414008,7,4,0,3
4.452782989368355,6,4,0,2
4.457786116322701,6,3,1,2
4.462789243277048,5,3,0,2
4.467792370231394,6,3,1,2
4.472795497185741,7,5,0,2
4.477798624140087,7,4,0,3
4.482801751094434,6,4,0,2
4.487804878048781,6,3,1,2
4.492808005003127,5,3,0,2
4.497811131957474,6,3,1,2
4.50281425891182,8,5,0,3
4.507817385866167,8,5,1,2
4.512820512820513,8,4,1,3
4.51782363977486,7,4,1,2
4.522826766729206,8,4,1,3
4.527829893683553,8,5,1,2
4.532833020637899,7,4,1,2
4.5378361475922455,7,4,1,2
4.5428392745465915,6,3,0,3
4.547842401500938,6,3,0,3
4.5528455284552845,4,2,0,2
4.557848655409631,3,2,0,1
4.562851782363977,5,3,1,1
4.567854909318324,6,5,0,1
4.57285803627267,6,4,1,1
4.577861163227017,5,3,1,1
4.582864290181363,5,3,1,1
4.58786741713571,5,2,0,3
4.592870544090056,4,2,0,2
4.597873671044403,5,3,0,2
4.602876797998749,5,2,1,2
4.607879924953096,4,3,0,1
4.612883051907442,4,2,1,1
4.617886178861789,4,3,0,1
4.622889305816135,7,5,1,1
4.627892432770482,6,5,0,1
4.632895559724828,5,4,1,0
4.637898686679175,5,4,0,1
4.642901813633521,5,3,1,1
4.647904940587868,5,4,0,1
4.652908067542214,7,5,1,1
4.6579111944965605,6,5,0,1
4.662914321450907,5,4,1,0
4.6679174484052535,5,4,0,1
4.6729205753595995,5,3,1,1
4.677923702313946,5,4,0,1
4.682926829268292,6,4,0,2
4.687929956222639,6,4,0,2
4.692933083176985,5,3,1,1
4.697936210131332,5,3,0,2
4.702939337085678,6,4,0,2
4.707942464040025,5,3,1,1
4.712945590994371,6,3,1,2
4.717948717948718,5,3,1,1
4.722951844903064,6,3,1,2
4.727954971857411,6,4,1,1
4.732958098811757,6,5,0,1
4.737961225766104,7,6,1,0
4.74296435272045,7,7,0,0
4.747967479674797,7,6,1,0
4.752970606629143,8,7,0,1
4.75797373358349,8,6,1,1
4.762976860537836,7,6,0,1
4.767979987492183,7,5,0,2
4.772983114446529,6,5,0,1
4.777986241400876,6,4,1,1
4.782989368355222,6,4,0,2
4.7879924953095685,5,3,1,1
4.7929956222639145,6,4,0,2
4.797998749218261,5,3,1,1
4.803001876172608,6,3,1,2
4.808005003126954,6,3,1,2
4.813008130081301,4,2,1,1
4.818011257035647,4,2,1,1
4.823014383989994,3,1,1,1
4.82801751094434,3,1,1,1
4.833020637898687,2,0,1,1
4.838023764853033,2,0,1,1
4.84302689180738,4,3,0,1
4.848030018761726,5,4,0,1
4.853033145716073,3,3,0,0
4.858036272670419,3,3,0,0
4.863039399624766,3,2,1,0
4.868042526579112,3,2,0,1
4.873045653533459,2,1,0,1
4.878048780487805,3,2,0,1
4.883051907442152,3,1,1,1
4.888055034396498,2,1,0,1
4.893058161350845,4,2,1,1
4.898061288305191,4,2,0,2
4.9030644152595375,5,3,1,1
4.9080675422138835,6,4,0,2
4.91307066916823,7,5,1,1
4.9180737961225764,7,5,0,2
4.923076923076923,6,4,0,2
4.928080050031269,6,4,0,2
4.933083176985616,5,3,1,1
4.938086303939962,5,3,0,2
4.943089430894309,5,2,0,3
4.948092557848655,4,2,0,2
4.953095684803002,6,3,1,2
4.958098811757348,5,3,0,2
4.963101938711695,5,2,1,2
4.968105065666041,4,2,0,2
4.973108192620388,3,1,1,1
4.978111319574734,4,2,1,1
4.983114446529081,3,2,0,1
4.988117573483427,1,1,0,0
4.993120700437774,1,1,0,0
4.99812382739212,1,0,1,0
5.003126954346467,2,2,0,0
5.008130081300813,4,4,0,0
5.01313320825516,6,5,1,0
5.018136335209506,7,6,0,1
5.0231394621638525,8,6,1,1
5.028142589118199,8,7,0,1
5.0331457160725455,8,7,1,0
5.0381488430268915,8,7,0,1
5.043151969981238,8,6,1,1
5.048155096935584,8,7,0,1
5.053158223889931,8,6,0,2
5.058161350844277,7,6,0,1
5.063164477798624,8,6,1,1
5.06816760475297,8,6,0,2
5.073170731707317,7,5,1,1
5.078173858661663,6,5,0,1
5.08317698561601,7,5,1,1
5.088180112570356,8,5,2,1
5.093183239524703,7,6,1,0
5.098186366479049,8,6,2,0
5.103189493433396,8,6,1,1
5.108192620387742,7,5,2,0
5.113195747342089,9,7,1,1
5.118198874296435,9,6,2,1
5.123202001250782,7,6,1,0
5.128205128205129,7,5,1,1
5.133208255159475,8,6,0,2
5.138211382113822,8,5,1,2
5.143214509068168,8,6,0,2
5.1482176360225145,8,5,1,2
5.1532207629768605,7,5,0,2
5.158223889931207,8,5,1,2
5.163227016885553,8,5,0,3
5.1682301438399,8,5,1,2
5.173233270794246,8,5,0,3
5.178236397748593,8,5,1,2
5.183239524702939,9,6,0,3
5.188242651657286,9,5,1,3
5.193245778611632,8,5,0,3
5.198248905565979,8,4,1,3
5.203252032520325,7,4,0,3
5.208255159474672,6,3,1,2
5.213258286429018,7,4,1,2
5.218261413383365,7,4,1,2
5.223264540337711,6,3,1,2
5.228267667292058,5,3,1,1
5.233270794246404,5,3,1,1
5.238273921200751,4,2,1,1
5.243277048155097,5,3,1,1
5.248280175109444,6,3,1,2
5.25328330206379,6,3,2,1
5.258286429018137,7,4,1,2
5.263289555972483,7,4,2,1
5.2682926829268295,6,4,1,1
5.2732958098811755,6,4,2,0
5.278298936835522,6,5,1,0
5.283302063789868,7,5,2,0
5.288305190744215,7,5,1,1
5.293308317698561,7,4,2,1
5.298311444652908,5,4,1,0
5.303314571607254,4,3,1,0
5.308317698561601,4,3,0,1
5.313320825515947,3,2,1,0
5.318323952470294,3,2,0,1
5.32332707942464,3,1,1,1
5.328330206378987,2,1,0,1
5.333333333333333,2,1,1,0
5.33833646028768,1,1,0,0
5.343339587242026,1,0,1,0
5.348342714196373,1,0,0,1
5.353345841150719,0,0,0,0
5.358348968105066,1,1,0,0
5.363352095059412,1,1,0,0
5.368355222013759,0,0,0,0
5.373358348968105,3,3,0,0
5.378361475922452,3,2,1,0
5.383364602876798,3,2,0,1
5.3883677298311445,5,4,0,1
5.3933708567854906,4,3,1,0
5.3983739837398375,3,2,1,0
5.4033771106941835,3,2,1,0
5.40838023764853,3,2,0,1
5.413383364602876,3,2,0,1
5.418386491557223,3,2,0,1
5.423389618511569,4,2,1,1
5.428392745465916,3,2,0,1
5.433395872420262,4,2,1,1
5.438398999374609,3,1,1,1
5.443402126328955,3,1,1,1
5.448405253283302,2,0,1,1
5.453408380237649,2,0,1,1
5.458411507191995,2,1,0,1
5.463414634146342,2,0,1,1
5.468417761100688,1,0,0,1
5.473420888055035,2,1,0,1
5.478424015009381,3,1,1,1
5.483427141963728,2,1,0,1
5.488430268918074,3,2,0,1
5.493433395872421,3,1,1,1
5.498436522826767,3,2,0,1
5.5034396497811136,4,2,1,1
5.50844277673546,4,3,0,1
5.5134459036898065,4,2,1,1
5.5184490306441525,4,2,0,2
5.523452157598499,6,4,1,1
5.528455284552845,6,4,0,2
5.533458411507192,5,3,1,1
5.538461538461538,5,3,0,2
5.543464665415885,5,2,1,2
5.548467792370231,4,2,0,2
5.553470919324578,4,1,1,2
5.558474046278924,3,1,0,2
5.563477173233271,4,2,1,1
5.568480300187617,5,3,0,2
5.573483427141964,4,2,0,2
5.57848655409631,5,3,0,2
5.583489681050657,5,3,1,1
5.588492808005003,5,3,0,2
5.59349593495935,7,4,0,3
5.598499061913696,6,4,0,2
5.603502188868043,5,3,1,1
5.608505315822389,4,2,1,1
5.613508442776736,4,2,1,1
5.618511569731082,4,2,1,1
5.623514696685429,4,2,1,1
5.628517823639775,4,2,2,0
5.6335209505941215,6,4,1,1
5.6385240775484675,5,3,2,0
5.643527204502814,5,3,1,1
5.64853033145716,6,3,1,2
5.653533458411507,6,4,0,2
5.658536585365853,6,3,0,3
5.6635397123202,8,5,0,3
5.668542839274546,8,5,1,2
5.673545966228893,8,5,0,3
5.678549093183239,8,5,0,3
5.683552220137586,7,4,1,2
5.688555347091932,7,4,0,3
5.693558474046279,8,4,1,3
5.698561601000625,8,5,0,3
5.703564727954972,9,6,0,3
5.708567854909318,9,5,1,3
5.713570981863665,10,7,0,3
5.718574108818011,10,6,0,4
5.723577235772358,11,7,0,4
5.728580362726704,10,6,1,3
5.733583489681051,10,6,0,4
5.738586616635397,10,6,1,3
5.743589743589744,11,7,0,4
5.74859287054409,10,6,0,4
5.7535959974984365,11,7,0,4
5.7585991244527825,11,6,1,4
5.7636022514071295,10,5,1,4
5.768605378361476,11,6,1,4
5.773608505315822,10,5,1,4
5.778611632270169,11,6,1,4
5.783614759224515,11,6,1,4
5.788617886178862,11,6,1,4
5.793621013133208,12,7,0,5
5.798624140087555,11,6,1,4
5.803627267041901,13,8,0,5
5.808630393996248,12,7,1,4
5.813633520950594,12,7,0,5
5.818636647904941,15,10,0,5
5.823639774859287,14,9,1,4
5.828642901813634,13,9,1,3
5.83364602876798,14,9,1,4
5.838649155722327,13,9,1,3
5.843652282676673,13,8,1,4
5.84865540963102,14,8,1,5
5.853658536585366,16,11,0,5
5.858661663539713,16,10,1,5
5.863664790494059,15,10,0,5
5.8686679174484055,16,10,1,5
5.873671044402752,15,10,0,5
5.8786741713570985,15,9,1,5
5.8836772983114445,16,10,0,6
5.888680425265791,15,9,1,5
5.893683552220137,15,9,0,6
5.898686679174484,15,8,1,6
5.90368980612883,14,9,0,5
5.908692933083177,14,8,1,5
5.913696060037523,13,8,0,5
5.91869918699187,13,7,1,5
5.923702313946216,13,8,0,5
5.928705440900563,13,7,1,5
5.933708567854909,16,10,1,5
5.938711694809256,16,10,1,5
5.943714821763602,15,9,1,5
5.948717948717949,15,9,1,5
5.953721075672295,17,11,0,6
5.958724202626642,17,11,1,5
5.963727329580988,17,12,0,5
5.968730456535335,19,13,1,5
5.973733583489681,19,13,0,6
5.978736710444028,19,13,1,5
5.983739837398374,19,13,0,6
5.988742964352721,18,12,1,5
5.993746091307067,18,12,0,6
5.9987492182614135,18,12,1,5
6.0037523452157595,19,13,0,6
6.008755472170106,18,12,1,5
6.013758599124452,18,12,0,6
6.018761726078799,17,11,1,5
6.023764853033145,17,13,0,4
6.028767979987492,17,12,1,4
6.033771106941838,17,13,1,3
6.038774233896185,17,12,1,4
6.043777360850531,19,14,1,4
6.048780487804878,18,13,1,4
6.053783614759224,18,13,1,4
6.058786741713571,17,12,1,4
6.063789868667917,19,14,1,4
6.068792995622264,18,13,1,4
6.07379612257661,18,13,1,4
6.078799249530957,15,12,0,3
6.083802376485304,15,11,0,4
6.08880550343965,14,11,0,3
6.093808630393997,14,11,0,3
6.098811757348343,15,12,1,2
6.10381488430269,15,12,0,3
6.108818011257036,15,11,1,3
6.1138211382113825,16,13,0,3
6.1188242651657285,17,13,1,3
6.123827392120075,18,14,0,4
6.1288305190744214,17,13,1,3
6.133833646028768,19,14,0,5
6.138836772983114,19,15,0,4
6.143839899937461,19,14,1,4
6.148843026891807,19,15,0,4
6.153846153846154,18,14,1,3
6.1588492808005,17,14,0,3
6.163852407754847,18,15,0,3
6.168855534709193,21,17,1,3
6.17385866166354,21,18,0,3
6.178861788617886,21,17,1,3
6.183864915572233,20,17,0,3
6.188868042526579,19,16,1,2
6.193871169480926,19,16,0,3
6.198874296435272,19,15,1,3
6.203877423389619,18,15,0,3
6.208880550343965,18,14,1,3
6.213883677298312,18,14,1,3
6.218886804252658,17,13,1,3
6.223889931207005,17,13,1,3
6.228893058161351,15,12,1,2
6.2338961851156975,18,15,1,2
6.238899312070044,20,16,1,3
6.2439024390243905,19,15,2,2
6.2489055659787365,19,15,1,3
6.253908692933083,19,15,2,2
6.258911819887429,19,15,1,3
6.263914946841776,21,17,2,2
6.268918073796122,23,19,1,3
6.273921200750469,22,19,1,2
6.278924327704815,22,18,1,3
6.283927454659162,21,18,1,2
6.288930581613508,20,17,1,2
6.293933708567855,20,18,1,1
6.298936835522201,21,18,1,2
6.303939962476548,20,18,1,1
6.308943089430894,20,17,1,2
6.313946216385241,19,17,1,1
6.318949343339587,19,16,1,2
6.323952470293934,21,19,1,1
6.32895559724828,21,19,1,1
6.333958724202627,21,19,1,1
6.338961851156973,22,20,0,2
6.34396497811132,22,19,1,2
6.348968105065666,21,19,0,2
6.353971232020013,22,19,1,2
6.358974358974359,22,20,0,2
6.3639774859287055,24,21,1,2
6.3689806128830515,23,21,0,2
6.373983739837398,25,22,0,3
6.378986866791744,25,23,0,2
6.383989993746091,25,22,1,2
6.388993120700437,26,24,1,1
6.393996247654784,26,24,1,1
6.39899937460913,26,24,1,1
6.404002501563477,25,23,1,1
6.409005628517824,26,24,1,1
6.41400875547217,25,23,1,1
6.419011882426517,25,23,1,1
6.424015009380863,23,22,1,0
6.42901813633521,24,23,1,0
6.434021263289556,24,22,1,1
6.439024390243903,25,22,2,1
6.444027517198249,25,23,1,1
6.449030644152596,26,23,2,1
6.454033771106942,26,24,1,1
6.459036898061289,26,24,1,1
6.464040025015635,27,24,1,2
6.469043151969982,28,25,2,1
6.474046278924328,28,25,1,2
6.4790494058786745,27,24,2,1
6.4840525328330205,28,25,1,2
6.489055659787367,29,26,2,1
6.494058786741713,30,27,1,2
6.49906191369606,29,27,1,1
6.504065040650406,30,27,1,2
6.509068167604753,29,27,1,1
6.514071294559099,30,27,1,2
6.519074421513446,30,28,1,1
6.524077548467792,30,28,1,1
6.529080675422139,30,28,1,1
6.534083802376485,28,27,0,1
6.539086929330832,30,29,0,1
6.544090056285178,29,28,1,0
6.549093183239525,29,27,1,1
6.554096310193871,30,28,1,1
6.559099437148218,29,27,1,1
6.564102564102564,29,27,1,1
6.569105691056911,29,26,0,3
6.574108818011257,30,28,0,2
6.579111944965604,30,27,1,2
6.58411507191995,29,27,0,2
6.589118198874297,29,27,1,1
6.594121325828643,30,28,0,2
6.5991244527829895,29,27,0,2
6.6041275797373356,30,28,0,2
6.6091307066916825,29,27,1,1
6.6141338336460285,30,28,0,2
6.619136960600375,31,28,1,2
6.624140087554721,30,28,0,2
6.629143214509068,32,29,1,2
6.634146341463414,32,30,0,2
6.639149468417761,32,29,0,3
6.644152595372107,32,28,1,3
6.649155722326454,31,28,0,3
6.6541588492808,32,28,1,3
6.659161976235147,30,28,0,2
6.664165103189493,30,27,0,3
6.66916823014384,30,28,0,2
6.674171357098186,32,29,1,2
6.679174484052533,32,29,0,3
6.684177611006879,33,30,1,2
6.689180737961226,34,31,0,3
6.694183864915572,35,31,1,3
6.699186991869919,35,32,0,3
6.704190118824265,35,32,1,2
6.709193245778612,35,32,0,3
6.714196372732958,34,31,1,2
6.719199499687305,35,32,0,3
6.724202626641651,35,32,1,2
6.7292057535959975,35,32,0,3
6.734208880550344,36,32,1,3
6.73921200750469,35,32,0,3
6.744215134459037,35,32,1,2
6.749218261413383,34,31,0,3
6.75422138836773,34,31,0,3
6.759224515322076,33,31,0,2
6.764227642276423,34,31,1,2
6.769230769230769,34,31,0,3
6.774233896185116,33,30,1,2
6.779237023139462,33,29,2,2
6.784240150093809,33,29,1,3
6.789243277048155,33,30,1,2
6.794246404002502,33,29,0,4
6.799249530956848,34,30,0,4
6.804252657911195,33,29,1,3
6.809255784865541,32,30,0,2
6.814258911819888,35,32,1,2
6.819262038774234,35,32,0,3
6.824265165728581,34,31,1,2
6.829268292682927,34,31,0,3
6.834271419637274,34,31,1,2
6.83927454659162,33,31,0,2
6.8442776735459665,35,33,0,2
6.8492808005003125,35,33,1,1
6.854283927454659,36,34,0,2
6.859287054409005,38,36,1,1
6.864290181363352,38,36,0,2
6.869293308317698,41,38,1,2
6.874296435272045,42,40,0,2
6.879299562226391,41,39,0,2
6.884302689180738,40,39,0,1
6.889305816135084,42,41,0,1
6.894308943089431,41,40,1,0
6.899312070043777,42,41,0,1
6.904315196998124,41,40,1,0
6.90931832395247,41,40,0,1
6.914321450906817,40,40,0,0
6.919324577861163,41,41,0,0
6.92432770481551,41,41,0,0
6.929330831769856,42,41,0,1
6.934333958724203,44,43,0,1
6.939337085678549,45,44,0,1
6.944340212632896,46,45,0,1
6.949343339587242,46,44,0,2
6.954346466541589,46,45,0,1
6.959349593495935,46,44,1,1
6.9643527204502815,47,45,0,2
6.9693558474046275,46,45,0,1
6.9743589743589745,48,47,0,1
6.9793621013133205,47,46,1,0
6.984365228267667,48,47,0,1
6.989368355222013,48,47,1,0
6.99437148217636,48,47,0,1
6.999374609130706,47,46,1,0
7.004377736085053,47,46,0,1
7.009380863039399,48,46,0,2
7.014383989993746,48,46,1,1
7.019387116948092,48,46,0,2
7.024390243902439,49,46,1,2
7.029393370856785,48,46,0,2
7.034396497811132,49,46,0,3
7.039399624765478,48,46,0,2
7.044402751719825,48,45,1,2
7.049405878674172,47,44,1,2
7.054409005628518,47,44,1,2
7.059412132582865,48,44,1,3
7.064415259537211,47,44,1,2
7.069418386491558,47,43,1,3
7.074421513445904,48,45,1,2
7.0794246404002505,47,44,1,2
7.084427767354597,47,44,0,3
7.0894308943089435,48,45,0,3
7.0944340212632895,47,45,0,2
7.099437148217636,49,46,1,2
7.104440275171982,49,46,0,3
7.109443402126329,48,45,1,2
7.114446529080675,48,45,1,2
7.119449656035022,49,46,1,2
7.124452782989368,48,46,1,1
7.129455909943715,48,45,1,2
7.134459036898061,47,45,1,1
7.139462163852408,48,45,1,2
7.144465290806754,48,46,1,1
7.149468417761101,48,45,1,2
7.154471544715447,48,45,1,2
7.159474671669794,46,44,1,1
7.16447779862414,46,44,1,1
7.169480925578487,45,43,1,1
7.174484052532833,45,43,1,1
7.17948717948718,46,43,1,2
7.184490306441526,46,44,1,1
7.189493433395873,45,43,0,2
7.194496560350219,45,43,0,2
7.199499687304566,45,42,1,2
7.204502814258912,45,43,0,2
7.2095059412132585,44,42,0,2
7.2145090681676045,44,42,0,2
7.219512195121951,43,42,0,1
7.224515322076297,42,41,1,0
7.229518449030644,42,41,1,0
7.23452157598499,42,40,1,1
7.239524702939337,42,40,1,1
7.244527829893683,41,40,0,1
7.24953095684803,40,40,0,0
7.254534083802376,40,40,0,0
7.259537210756723,40,39,0,1
7.264540337711069,41,40,0,1
7.269543464665416,40,39,1,0
7.274546591619762,41,40,0,1
7.279549718574109,41,39,1,1
7.284552845528455,40,39,0,1
7.289555972482802,40,38,1,1
7.294559099437148,40,38,1,1
7.299562226391495,40,38,1,1
7.304565353345841,40,39,0,1
7.309568480300188,39,38,0,1
7.314571607254534,39,38,0,1
7.319574734208881,39,38,1,0
7.324577861163227,39,38,0,1
7.3295809881175735,39,38,1,0
7.3345841150719195,40,39,0,1
7.3395872420262664,39,38,1,0
7.3445903689806125,39,37,1,1
7.349593495934959,39,37,1,1
7.354596622889305,38,36,1,1
7.359599749843652,37,36,1,0
7.364602876797999,36,36,0,0
7.369606003752345,37,36,1,0
7.374609130706692,36,35,1,0
7.379612257661038,36,35,1,0
7.384615384615385,37,36,0,1
7.389618511569731,36,35,1,0
7.394621638524078,37,36,0,1
7.399624765478424,37,35,1,1
7.404627892432771,37,35,0,2
7.409631019387117,38,36,1,1
7.414634146341464,39,37,0,2
7.41963727329581,38,36,1,1
7.424640400250157,38,36,0,2
7.429643527204503,37,35,1,1
7.43464665415885,37,36,0,1
7.439649781113196,37,35,1,1
7.4446529080675425,37,35,0,2
7.449656035021889,37,34,1,2
7.4546591619762355,37,35,0,2
7.4596622889305815,37,34,1,2
7.464665415884928,38,36,0,2
7.469668542839274,39,37,0,2
7.474671669793621,42,40,0,2
7.479674796747967,41,39,0,2
7.484677923702314,42,39,1,2
7.48968105065666,41,39,0,2
7.494684177611007,41,39,0,2
7.499687304565353,41,38,1,2
7.5046904315197,40,38,0,2
7.509693558474046,41,38,1,2
7.514696685428393,41,39,0,2
7.519699812382739,41,38,1,2
7.524702939337086,40,38,0,2
7.529706066291432,40,37,1,2
7.534709193245779,41,39,0,2
7.539712320200125,42,39,1,2
7.544715447154472,42,39,0,3
7.549718574108818,42,39,0,3
7.554721701063165,42,39,0,3
7.559724828017511,41,38,1,2
7.564727954971858,43,40,0,3
7.569731081926204,42,39,1,2
7.5747342088805505,42,39,0,3
7.5797373358348965,42,38,1,3
7.584740462789243,44,41,0,3
7.589743589743589,44,41,0,3
7.594746716697936,43,40,0,3
7.599749843652282,44,41,0,3
7.604752970606629,44,40,1,3
7.609756097560975,43,40,0,3
7.614759224515322,43,40,0,3
7.619762351469668,42,39,1,2
7.624765478424015,42,39,1,2
7.629768605378361,42,38,1,3
7.634771732332708,41,38,1,2
7.639774859287054,41,37,1,3
7.644777986241401,41,37,1,3
7.649781113195747,41,37,1,3
7.654784240150094,41,37,1,3
7.65978736710444,41,37,1,3
7.664790494058787,41,37,1,3
7.669793621013133,40,36,1,3
7.67479674796748,39,36,1,2
7.679799874921826,39,35,1,3
7.684803001876173,39,35,1,3
7.6898061288305195,39,35,1,3
7.6948092557848655,40,36,1,3
7.699812382739212,38,35,1,2
7.704815509693558,37,35,1,1
7.709818636647905,37,34,1,2
7.714821763602251,37,33,2,2
7.719824890556598,36,33,1,2
7.724828017510944,36,33,1,2
7.729831144465291,36,33,1,2
7.734834271419637,36,32,2,2
7.739837398373984,36,32,1,3
7.74484052532833,35,31,2,2
7.749843652282677,35,31,1,3
7.754846779237023,34,30,2,2
7.75984990619137,35,31,1,3
7.764853033145716,36,31,2,3
7.769856160100063,35,31,1,3
7.774859287054409,35,31,1,3
7.779862414008756,35,31,1,3
7.784865540963102,35,30,2,3
7.789868667917449,35,30,1,4
7.794871794871795,33,29,1,3
7.799874921826142,34,30,0,4
7.804878048780488,33,29,0,4
7.8098811757348345,33,29,0,4
7.8148843026891806,32,28,1,3
7.8198874296435275,32,27,1,4
7.8248905565978735,31,27,1,3
7.82989368355222,31,27,0,4
7.834896810506566,30,26,1,3
7.839899937460913,30,25,1,4
7.844903064415259,31,26,1,4
7.849906191369606,30,25,1,4
7.854909318323952,30,25,1,4
7.859912445278299,30,25,1,4
7.864915572232645,29,25,1,3
7.869918699186992,29,24,0,5
7.874921826141338,30,25,0,5
7.879924953095685,29,24,0,5
7.884928080050031,28,24,0,4
7.889931207004378,28,23,1,4
7.894934333958724,29,24,0,5
7.899937460913071,28,24,0,4
7.904940587867417,28,23,1,4
7.909943714821764,27,23,0,4
7.91494684177611,27,23,1,3
7.919949968730457,27,23,1,3
7.924953095684803,26,23,1,2
7.92995622263915,25,22,0,3
7.934959349593496,25,22,0,3
7.9399624765478425,25,22,1,2
7.9449656035021885,24,22,0,2
7.949968730456535,24,21,1,2
7.954971857410881,24,21,1,2
7.959974984365228,24,22,0,2
7.964978111319574,24,21,1,2
7.969981238273921,24,21,0,3
7.974984365228267,23,20,0,3
7.979987492182614,23,20,0,3
7.98499061913696,22,19,1,2
7.989993746091307,21,18,1,2
7.994996873045653,21,18,1,2
8.0,21,18,0,3
